DATE,Day,Month,Year,Quarter,OPEN,HIGH,LOW,PREV. CLOSE,LTP,CLOSE,VWAP,52W H,52W L,VOLUME,No Of TRADES
2-Jan-26,Friday,January,2026,Q1,749.95,758.35,749.05,750.10,753.20,754.85,755.21,820.75,584.30,1457089,35885
1-Jan-26,Thursday,January,2026,Q1,750.00,753.40,746.90,749.85,750.85,750.10,749.68,820.75,584.30,820228,23640
31-Dec-25,Wednesday,December,2025,Q4,747.85,752.00,744.20,743.00,749.05,749.85,749.10,820.75,584.30,2503615,45656
30-Dec-25,Tuesday,December,2025,Q4,746.45,751.00,735.75,746.45,746.15,743.00,741.71,820.75,584.30,13786783,114900
29-Dec-25,Monday,December,2025,Q4,748.00,751.45,742.20,748.45,746.75,746.45,745.63,820.75,584.30,2912215,47721
26-Dec-25,Friday,December,2025,Q4,753.00,755.00,745.65,755.35,748.10,748.45,749.37,820.75,584.30,1655497,33677
24-Dec-25,Wednesday,December,2025,Q4,763.90,767.95,754.65,763.95,755.80,755.35,760.13,820.75,584.30,1132272,35705
23-Dec-25,Tuesday,December,2025,Q4,759.95,765.00,757.80,761.80,763.00,763.95,761.66,820.75,584.30,1246811,33058
22-Dec-25,Monday,December,2025,Q4,766.00,769.05,759.95,766.45,761.00,761.80,762.92,820.75,584.30,767829,39170
19-Dec-25,Friday,December,2025,Q4,753.10,773.85,753.10,757.00,766.30,766.45,764.39,820.75,584.30,3098157,49102
18-Dec-25,Thursday,December,2025,Q4,755.05,758.30,749.10,753.50,757.95,757.00,754.61,820.75,584.30,731537,33537
17-Dec-25,Wednesday,December,2025,Q4,764.35,764.35,749.00,764.35,752.95,753.50,755.02,820.75,584.30,1809434,61528
16-Dec-25,Tuesday,December,2025,Q4,772.90,782.20,762.15,772.70,763.40,764.35,775.59,820.75,584.30,2125078,45749
15-Dec-25,Monday,December,2025,Q4,772.50,775.50,766.50,777.50,772.05,772.70,770.52,820.75,584.30,1510988,40580
12-Dec-25,Friday,December,2025,Q4,779.10,779.85,770.05,775.20,778.95,777.50,775.16,820.75,584.30,1290971,31581
11-Dec-25,Thursday,December,2025,Q4,771.05,777.15,763.05,771.05,775.00,775.20,772.30,820.75,584.30,2133427,57876
10-Dec-25,Wednesday,December,2025,Q4,759.00,775.90,759.00,762.90,771.00,771.05,771.12,820.75,584.30,1667376,96667
9-Dec-25,Tuesday,December,2025,Q4,763.90,765.30,753.50,764.05,762.80,762.90,758.99,820.75,584.30,1965538,59989
8-Dec-25,Monday,December,2025,Q4,768.00,779.90,762.00,768.30,762.30,764.05,773.75,820.75,584.30,3775906,104082
5-Dec-25,Friday,December,2025,Q4,757.20,772.00,755.20,760.80,769.00,768.30,764.62,820.75,584.30,1693258,48547
4-Dec-25,Thursday,December,2025,Q4,755.00,766.00,745.20,751.95,763.15,760.80,754.21,820.75,584.30,2649259,90201
3-Dec-25,Wednesday,December,2025,Q4,755.30,758.90,746.00,759.00,752.25,751.95,750.71,820.75,584.30,2877041,68270
2-Dec-25,Tuesday,December,2025,Q4,762.00,766.40,753.95,766.75,760.00,759.00,758.06,820.75,584.30,2054726,47811
1-Dec-25,Monday,December,2025,Q4,765.00,768.25,758.10,764.30,765.00,766.75,764.03,820.75,584.30,908996,46249
28-Nov-25,Friday,November,2025,Q4,780.40,780.40,761.45,777.80,767.20,764.30,767.23,820.75,584.30,2441514,83728
27-Nov-25,Thursday,November,2025,Q4,787.55,787.80,775.85,787.55,777.70,777.80,779.31,820.75,584.30,1165637,70216
26-Nov-25,Wednesday,November,2025,Q4,763.60,788.50,762.75,766.55,788.00,787.55,782.84,820.75,584.30,3006211,107893
25-Nov-25,Tuesday,November,2025,Q4,763.85,770.45,757.65,761.65,765.60,766.55,764.30,820.75,584.30,1858955,67925
24-Nov-25,Monday,November,2025,Q4,765.50,766.00,759.65,764.00,761.85,761.65,762.20,820.75,584.30,5837946,72994
21-Nov-25,Friday,November,2025,Q4,760.00,766.20,758.60,762.20,762.80,764.00,763.41,820.75,584.30,2712721,41267
20-Nov-25,Thursday,November,2025,Q4,760.70,765.15,750.10,761.10,765.00,762.20,757.99,820.75,584.30,2612081,61175
19-Nov-25,Wednesday,November,2025,Q4,760.60,762.00,755.65,761.80,761.60,761.10,759.27,820.75,584.30,950947,40941
18-Nov-25,Tuesday,November,2025,Q4,766.45,769.10,760.55,770.25,760.60,761.80,763.63,820.75,584.30,1363326,48086
17-Nov-25,Monday,November,2025,Q4,770.70,778.00,765.10,773.70,768.30,770.25,769.20,820.75,584.30,2639170,90112
14-Nov-25,Friday,November,2025,Q4,779.00,780.30,769.50,782.20,772.30,773.70,773.20,820.75,584.30,1373199,103296
13-Nov-25,Thursday,November,2025,Q4,782.90,786.50,778.30,783.10,782.95,782.20,782.44,820.75,584.30,2068084,72445
12-Nov-25,Wednesday,November,2025,Q4,765.00,786.00,764.45,763.90,782.90,783.10,778.56,820.75,584.30,3996339,112588
11-Nov-25,Tuesday,November,2025,Q4,754.40,765.00,747.35,750.70,764.35,763.90,759.26,820.75,584.30,2303525,54279
10-Nov-25,Monday,November,2025,Q4,750.00,759.80,749.20,749.25,750.00,750.70,755.02,820.75,584.30,2046515,54498
7-Nov-25,Friday,November,2025,Q4,731.05,750.50,731.05,736.05,750.00,749.25,742.73,820.75,584.30,1709430,48275
6-Nov-25,Thursday,November,2025,Q4,738.85,746.80,734.60,742.45,736.00,736.05,739.07,820.75,584.30,1640119,53702
4-Nov-25,Tuesday,November,2025,Q4,736.00,748.65,734.20,736.00,742.80,742.45,743.11,820.75,584.30,2311438,74115
3-Nov-25,Monday,November,2025,Q4,730.00,737.95,728.45,731.85,737.00,736.00,735.12,820.75,584.30,2222765,75995
31-Oct-25,Friday,October,2025,Q4,745.00,748.60,730.05,746.60,731.00,731.85,736.58,820.75,584.30,2584942,64829
30-Oct-25,Thursday,October,2025,Q4,758.00,761.20,744.05,761.30,746.00,746.60,748.38,820.75,584.30,1517376,43849
29-Oct-25,Wednesday,October,2025,Q4,750.20,763.40,749.00,747.00,760.45,761.30,758.67,820.75,584.30,2270288,67019
28-Oct-25,Tuesday,October,2025,Q4,736.00,748.90,735.55,737.25,747.00,747.00,743.62,820.75,584.30,3859058,110060
27-Oct-25,Monday,October,2025,Q4,734.95,743.55,732.30,734.95,738.00,737.25,737.22,820.75,584.30,3739804,66429
24-Oct-25,Friday,October,2025,Q4,743.60,745.50,733.80,743.65,735.90,734.95,737.20,820.75,584.30,2349228,57103
23-Oct-25,Thursday,October,2025,Q4,745.00,752.55,742.70,743.70,743.60,743.65,746.18,820.75,584.30,3312072,85534
21-Oct-25,Tuesday,October,2025,Q4,740.60,746.40,740.60,742.25,743.50,743.70,744.32,820.75,584.30,119115,5920
20-Oct-25,Monday,October,2025,Q4,751.90,753.90,737.55,745.95,743.00,742.25,742.35,820.75,584.30,2361964,64801
17-Oct-25,Friday,October,2025,Q4,740.75,749.50,736.05,742.85,745.50,745.95,744.55,820.75,584.30,4205888,96616
16-Oct-25,Thursday,October,2025,Q4,759.95,759.95,726.00,761.15,743.00,742.85,743.21,820.75,584.30,10209104,210283
15-Oct-25,Wednesday,October,2025,Q4,744.70,763.70,743.55,743.55,761.80,761.15,757.93,820.75,584.30,2764842,75690
14-Oct-25,Tuesday,October,2025,Q4,746.95,748.15,739.65,746.55,743.55,743.55,742.97,820.75,584.30,3412592,118323
13-Oct-25,Monday,October,2025,Q4,742.20,750.00,742.15,747.30,746.95,746.55,746.95,820.75,584.30,1676403,66610
10-Oct-25,Friday,October,2025,Q4,754.90,759.70,743.60,754.35,748.80,747.30,751.43,820.75,584.30,2771300,71145
9-Oct-25,Thursday,October,2025,Q4,746.10,757.45,742.00,747.30,753.70,754.35,748.67,820.75,584.30,4476278,77357
8-Oct-25,Wednesday,October,2025,Q4,755.60,757.05,742.70,755.60,750.30,747.30,748.40,820.75,584.30,2259319,70161
7-Oct-25,Tuesday,October,2025,Q4,767.00,770.00,753.10,763.05,756.50,755.60,758.29,820.75,584.30,3289846,80336
6-Oct-25,Monday,October,2025,Q4,755.20,764.70,752.65,759.20,763.30,763.05,758.44,820.75,584.30,1323764,59065
3-Oct-25,Friday,October,2025,Q4,756.65,767.15,754.95,764.00,760.00,759.20,759.53,820.75,584.30,5421803,91648
1-Oct-25,Wednesday,October,2025,Q4,753.20,766.75,748.95,756.45,762.75,764.00,757.61,820.75,584.30,1540724,62802
30-Sep-25,Tuesday,September,2025,Q3,757.00,761.65,750.60,756.60,755.30,756.45,755.79,820.75,584.30,3435577,99896
29-Sep-25,Monday,September,2025,Q3,762.00,768.95,754.40,764.40,756.25,756.60,758.60,820.75,584.30,3463773,76493
26-Sep-25,Friday,September,2025,Q3,766.60,775.45,762.20,765.05,764.00,764.40,767.89,820.75,584.30,2956314,73939
25-Sep-25,Thursday,September,2025,Q3,768.00,769.95,758.75,770.25,768.00,765.05,764.72,820.75,584.30,2080916,91371
24-Sep-25,Wednesday,September,2025,Q3,771.25,775.60,768.05,775.05,768.45,770.25,770.94,820.75,584.30,1102305,65507
23-Sep-25,Tuesday,September,2025,Q3,787.45,791.50,774.00,787.80,775.90,775.05,777.17,820.75,584.30,2220802,76093
22-Sep-25,Monday,September,2025,Q3,786.80,796.90,783.50,782.20,787.05,787.80,789.19,820.75,584.30,1976223,46962
19-Sep-25,Friday,September,2025,Q3,786.80,793.65,780.50,784.60,785.00,782.20,785.65,820.75,584.30,3634175,63619
18-Sep-25,Thursday,September,2025,Q3,766.20,789.65,766.20,768.05,785.10,784.60,783.61,820.75,584.30,4824420,81397
17-Sep-25,Wednesday,September,2025,Q3,775.05,776.95,762.80,774.35,766.00,768.05,768.89,820.75,584.30,2329049,64104
16-Sep-25,Tuesday,September,2025,Q3,776.85,781.60,770.10,777.20,773.05,774.35,774.72,820.75,584.30,1758601,49089
15-Sep-25,Monday,September,2025,Q3,775.00,780.00,771.60,779.65,776.05,777.20,776.86,820.75,584.30,1362719,40761
12-Sep-25,Friday,September,2025,Q3,775.70,781.45,770.15,774.25,777.80,779.65,778.59,820.75,584.30,2259316,49225
11-Sep-25,Thursday,September,2025,Q3,777.95,779.30,771.20,777.60,775.70,774.25,774.67,820.75,584.30,1238513,35017
10-Sep-25,Wednesday,September,2025,Q3,763.00,778.65,760.00,761.10,777.90,777.60,773.41,820.75,584.30,2301647,66078
9-Sep-25,Tuesday,September,2025,Q3,755.00,762.90,752.35,753.75,762.35,761.10,757.68,820.75,584.30,2393107,49831
8-Sep-25,Monday,September,2025,Q3,762.30,763.20,748.50,759.55,756.90,753.75,754.73,820.75,584.30,3455695,99319
5-Sep-25,Friday,September,2025,Q3,764.00,773.00,753.40,754.25,760.05,759.55,760.29,820.75,584.30,3234619,69469
4-Sep-25,Thursday,September,2025,Q3,803.00,803.00,750.05,776.45,754.55,754.25,774.22,820.75,584.30,10041489,213419
3-Sep-25,Wednesday,September,2025,Q3,783.00,787.50,770.70,782.75,777.25,776.45,775.36,820.75,584.30,1879623,82534
2-Sep-25,Tuesday,September,2025,Q3,780.00,795.75,777.25,781.80,783.50,782.75,787.39,820.75,584.30,2957512,98387
1-Sep-25,Monday,September,2025,Q3,772.05,785.00,771.50,772.05,780.00,781.80,780.94,820.75,584.30,2218344,72828
29-Aug-25,Friday,August,2025,Q3,776.00,778.45,766.65,775.35,774.40,772.05,772.64,820.75,584.30,1865283,87857
28-Aug-25,Thursday,August,2025,Q3,775.50,788.90,771.00,776.60,774.60,775.35,779.12,820.75,584.30,2892634,146869
26-Aug-25,Tuesday,August,2025,Q3,786.05,792.00,770.50,787.00,773.80,776.60,776.98,820.75,584.30,5054056,231068
25-Aug-25,Monday,August,2025,Q3,788.75,791.95,785.35,788.75,787.00,787.00,787.88,820.75,584.30,2326398,71906
22-Aug-25,Friday,August,2025,Q3,793.80,795.00,786.60,795.45,789.50,788.75,790.44,820.75,584.30,1331814,70309
21-Aug-25,Thursday,August,2025,Q3,792.50,807.00,791.40,796.55,793.55,795.45,798.95,820.75,584.30,2142925,59684
20-Aug-25,Wednesday,August,2025,Q3,793.05,801.85,792.60,793.75,796.00,796.55,797.44,820.75,584.30,1097339,67406
19-Aug-25,Tuesday,August,2025,Q3,791.80,796.10,785.20,791.00,794.00,793.75,791.09,820.75,584.30,1531303,85482
18-Aug-25,Monday,August,2025,Q3,809.00,815.00,789.10,788.75,789.20,791.00,801.69,820.75,584.30,3954373,110083
14-Aug-25,Thursday,August,2025,Q3,778.75,790.75,777.95,776.60,788.00,788.75,787.73,820.75,584.30,2861621,116806
13-Aug-25,Wednesday,August,2025,Q3,765.85,783.70,763.60,766.20,778.00,776.60,777.37,820.75,584.30,1720968,73134
12-Aug-25,Tuesday,August,2025,Q3,764.75,772.95,758.35,764.75,765.00,766.20,766.69,820.75,584.30,1996036,47906
11-Aug-25,Monday,August,2025,Q3,763.50,765.85,753.70,761.55,765.00,764.75,760.57,820.75,584.30,1719052,78356
8-Aug-25,Friday,August,2025,Q3,756.00,764.50,756.00,755.70,759.80,761.55,760.44,820.75,584.30,2210684,54764
7-Aug-25,Thursday,August,2025,Q3,747.05,757.65,747.05,752.55,757.05,755.70,753.55,820.75,584.30,1423219,60762
6-Aug-25,Wednesday,August,2025,Q3,734.10,755.00,734.10,738.50,752.40,752.55,747.02,820.75,584.30,1797969,56070
5-Aug-25,Tuesday,August,2025,Q3,735.80,742.25,731.65,739.80,737.65,738.50,736.21,820.75,584.30,1988095,70677
4-Aug-25,Monday,August,2025,Q3,741.50,747.55,732.15,741.70,741.45,739.80,739.92,820.75,584.30,2555375,68425
1-Aug-25,Friday,August,2025,Q3,752.55,756.35,740.10,755.50,741.95,741.70,747.70,820.75,584.30,1697685,55148
31-Jul-25,Thursday,July,2025,Q3,746.00,761.25,746.00,757.45,757.00,755.50,755.99,820.75,584.30,1783473,81297
30-Jul-25,Wednesday,July,2025,Q3,752.30,762.00,750.00,756.35,755.50,757.45,756.65,820.75,584.30,2011152,76042
29-Jul-25,Tuesday,July,2025,Q3,762.00,765.00,755.10,761.20,756.50,756.35,760.26,820.75,584.30,1129341,49692
28-Jul-25,Monday,July,2025,Q3,762.00,769.80,756.55,762.35,761.40,761.20,763.67,820.75,584.30,1509806,59322
25-Jul-25,Friday,July,2025,Q3,752.85,766.50,751.10,757.30,760.10,762.35,759.95,820.75,584.30,1708286,55080
24-Jul-25,Thursday,July,2025,Q3,762.00,766.35,756.00,762.50,758.15,757.30,761.02,820.75,584.30,1258684,59708
23-Jul-25,Wednesday,July,2025,Q3,765.00,768.30,758.10,763.30,762.65,762.50,762.58,820.75,584.30,1312711,41508
22-Jul-25,Tuesday,July,2025,Q3,752.00,768.55,751.55,752.30,762.55,763.30,761.12,820.75,584.30,4334529,87026
21-Jul-25,Monday,July,2025,Q3,738.00,753.50,732.85,739.50,751.90,752.30,748.37,820.75,584.30,2073697,51787
18-Jul-25,Friday,July,2025,Q3,755.00,757.00,736.40,751.80,738.45,739.50,741.84,820.75,584.30,3450063,74623
17-Jul-25,Thursday,July,2025,Q3,759.65,760.70,746.30,755.95,751.50,751.80,753.48,820.75,584.30,4378210,82802
16-Jul-25,Wednesday,July,2025,Q3,765.00,776.90,754.80,756.85,755.10,755.95,762.63,820.75,584.30,6273181,96124
15-Jul-25,Tuesday,July,2025,Q3,769.00,770.30,752.15,764.75,757.90,756.85,760.86,820.75,584.30,2842400,77775
14-Jul-25,Monday,July,2025,Q3,755.20,767.45,753.00,759.00,767.00,764.75,761.35,820.75,584.30,1794592,42293
11-Jul-25,Friday,July,2025,Q3,765.00,777.40,756.85,771.25,757.75,759.00,764.02,820.75,584.30,3508424,62521
10-Jul-25,Thursday,July,2025,Q3,783.00,788.00,763.40,786.30,770.15,771.25,775.07,820.75,584.30,2602721,95080
9-Jul-25,Wednesday,July,2025,Q3,792.00,797.95,784.00,794.15,785.60,786.30,787.90,820.75,584.30,2165913,53953
8-Jul-25,Tuesday,July,2025,Q3,785.00,796.50,783.10,789.45,794.35,794.15,790.70,820.75,584.30,5033587,76554
7-Jul-25,Monday,July,2025,Q3,781.05,792.75,781.05,785.10,789.35,789.45,787.43,820.75,584.30,2169992,56811
4-Jul-25,Friday,July,2025,Q3,783.90,788.80,780.20,785.85,784.55,785.10,783.95,820.75,584.30,1536851,48060
3-Jul-25,Thursday,July,2025,Q3,788.95,789.05,777.20,789.70,783.90,785.85,784.33,820.75,584.30,3442861,111994
2-Jul-25,Wednesday,July,2025,Q3,808.50,812.60,788.00,809.90,789.10,789.70,798.04,820.75,584.30,3248677,119358
1-Jul-25,Tuesday,July,2025,Q3,814.30,818.90,806.05,814.30,810.20,809.90,811.71,820.75,584.30,2596888,114920
30-Jun-25,Monday,June,2025,Q2,809.00,820.75,801.55,806.95,812.70,814.30,813.45,820.75,584.30,2971593,117994
27-Jun-25,Friday,June,2025,Q2,801.00,811.20,794.00,799.45,804.95,806.95,806.07,811.20,575.65,17236651,143740
26-Jun-25,Thursday,June,2025,Q2,789.00,802.15,785.60,785.10,800.10,799.45,795.83,802.15,575.65,4290163,104305
25-Jun-25,Wednesday,June,2025,Q2,780.05,787.65,778.55,779.70,786.00,785.10,783.64,791.10,575.65,2733266,66189
24-Jun-25,Tuesday,June,2025,Q2,779.50,787.05,777.30,774.15,779.00,779.70,782.38,791.10,575.65,1965197,51907
23-Jun-25,Monday,June,2025,Q2,769.95,784.00,769.00,778.95,773.65,774.15,775.63,791.10,575.65,1848140,56305
20-Jun-25,Friday,June,2025,Q2,760.80,781.20,758.00,761.85,778.00,778.95,777.67,791.10,575.65,5256299,89710
19-Jun-25,Thursday,June,2025,Q2,766.00,767.95,753.70,766.20,759.80,761.85,759.09,791.10,575.65,3059158,93032
18-Jun-25,Wednesday,June,2025,Q2,774.00,774.45,765.00,773.95,765.45,766.20,768.82,791.10,575.65,1059077,45780
17-Jun-25,Tuesday,June,2025,Q2,773.90,777.85,766.40,770.55,773.00,773.95,773.45,791.10,575.65,1899985,50387
16-Jun-25,Monday,June,2025,Q2,750.85,773.30,750.10,752.85,770.50,770.55,767.26,791.10,575.65,2304692,59426
13-Jun-25,Friday,June,2025,Q2,743.90,753.95,740.25,754.50,752.00,752.85,749.36,791.10,561.30,1490695,43398
12-Jun-25,Thursday,June,2025,Q2,765.10,769.00,752.65,764.20,754.50,754.50,759.38,791.10,561.30,1600355,71265
11-Jun-25,Wednesday,June,2025,Q2,762.20,772.25,760.25,762.45,763.50,764.20,766.54,791.10,561.30,1530367,50987
10-Jun-25,Tuesday,June,2025,Q2,764.15,765.60,750.20,760.40,762.20,762.45,759.92,791.10,561.30,2167862,61945
9-Jun-25,Monday,June,2025,Q2,755.10,765.85,745.05,755.10,760.00,760.40,755.02,791.10,561.30,3151657,80043
6-Jun-25,Friday,June,2025,Q2,764.40,764.40,750.55,761.60,755.00,755.10,756.34,791.10,511.40,1215092,39045
5-Jun-25,Thursday,June,2025,Q2,759.00,768.15,755.50,758.80,761.00,761.60,761.49,791.10,511.40,1638871,48407
4-Jun-25,Wednesday,June,2025,Q2,754.00,766.40,754.00,757.90,758.10,758.80,761.13,791.10,511.40,2322495,58809
3-Jun-25,Tuesday,June,2025,Q2,748.40,768.50,747.00,766.70,758.00,757.90,758.12,791.10,511.40,3357675,69186
2-Jun-25,Monday,June,2025,Q2,771.75,782.50,762.50,776.85,765.00,766.70,767.93,791.10,511.40,3456222,86317
30-May-25,Friday,May,2025,Q2,780.90,786.75,775.35,780.90,776.25,776.85,777.81,791.10,511.40,3184086,63349
29-May-25,Thursday,May,2025,Q2,788.00,791.10,778.65,789.45,781.00,780.90,782.85,791.10,511.40,2916417,66108
28-May-25,Wednesday,May,2025,Q2,779.80,790.75,776.05,775.80,787.55,789.45,786.15,790.75,511.40,4163057,75055
27-May-25,Tuesday,May,2025,Q2,780.00,781.20,769.70,780.00,776.00,775.80,774.52,786.15,511.40,3472288,67184
26-May-25,Monday,May,2025,Q2,784.30,786.15,777.70,780.40,780.00,780.00,782.25,786.15,511.40,2343463,58425
23-May-25,Friday,May,2025,Q2,755.80,781.35,752.05,755.85,780.65,780.40,774.40,781.35,511.40,4511523,82131
22-May-25,Thursday,May,2025,Q2,759.70,762.05,752.20,759.70,757.60,755.85,755.57,762.05,511.40,2391952,67897
21-May-25,Wednesday,May,2025,Q2,748.00,761.00,746.00,747.05,758.00,759.70,757.09,761.20,511.40,1928533,51619
20-May-25,Tuesday,May,2025,Q2,748.55,757.65,745.75,750.95,747.25,747.05,751.68,761.20,511.40,2191829,64451
19-May-25,Monday,May,2025,Q2,747.00,756.00,746.35,750.55,749.45,750.95,752.58,761.20,511.40,1187450,38696
16-May-25,Friday,May,2025,Q2,750.00,754.00,747.05,751.20,748.65,750.55,750.09,761.20,511.40,1426234,43247
15-May-25,Thursday,May,2025,Q2,743.05,753.60,734.00,741.70,748.65,751.20,745.11,761.20,511.40,3338741,105170
14-May-25,Wednesday,May,2025,Q2,740.00,750.00,734.15,735.05,741.00,741.70,743.52,761.20,511.40,2058831,62944
13-May-25,Tuesday,May,2025,Q2,735.40,742.40,732.15,734.60,735.30,735.05,737.00,761.20,511.40,1445358,72517
12-May-25,Monday,May,2025,Q2,720.00,737.00,720.00,713.60,733.65,734.60,733.41,761.20,511.40,1488045,55032
9-May-25,Friday,May,2025,Q2,709.00,717.00,708.40,722.95,716.45,713.60,712.88,761.20,511.40,3210705,80101
8-May-25,Thursday,May,2025,Q2,718.50,726.20,715.50,723.90,718.05,722.95,722.68,761.20,511.40,3057761,81929
7-May-25,Wednesday,May,2025,Q2,719.00,728.85,718.00,722.60,721.40,723.90,724.40,761.20,511.40,1657343,58325
6-May-25,Tuesday,May,2025,Q2,738.90,742.65,718.80,738.90,723.00,722.60,728.13,761.20,511.40,1498360,63756
5-May-25,Monday,May,2025,Q2,730.10,741.35,727.30,727.75,738.00,738.90,738.48,761.20,511.40,2761798,50082
2-May-25,Friday,May,2025,Q2,743.70,749.35,726.45,743.70,726.50,727.75,736.24,761.20,511.40,3286801,103466
30-Apr-25,Wednesday,April,2025,Q2,712.10,749.80,712.10,715.05,745.00,743.70,738.47,761.20,511.40,8732964,185049
29-Apr-25,Tuesday,April,2025,Q2,715.90,719.00,707.00,710.85,715.00,715.05,712.82,761.20,511.40,2545118,73402
28-Apr-25,Monday,April,2025,Q2,702.70,714.50,698.10,704.55,707.65,710.85,706.36,761.20,511.40,1944250,62876
25-Apr-25,Friday,April,2025,Q2,711.45,733.50,692.65,708.40,702.70,704.55,709.82,761.20,511.40,3714671,83753
24-Apr-25,Thursday,April,2025,Q2,713.00,716.00,705.00,709.10,705.00,708.40,710.53,761.20,511.40,3814638,89289
23-Apr-25,Wednesday,April,2025,Q2,715.40,715.90,705.10,712.55,708.20,709.10,710.23,761.20,511.40,2091384,67663
22-Apr-25,Tuesday,April,2025,Q2,718.00,721.85,708.55,712.20,708.60,712.55,714.71,761.20,511.40,2669384,75038
21-Apr-25,Monday,April,2025,Q2,725.00,725.00,703.60,720.05,712.00,712.20,710.05,761.20,511.40,6168127,122923
17-Apr-25,Thursday,April,2025,Q2,716.05,723.75,709.55,716.05,719.00,720.05,716.77,761.20,511.40,3105731,110298
16-Apr-25,Wednesday,April,2025,Q2,700.20,721.35,700.20,704.70,717.00,716.05,715.49,761.20,511.40,3452538,94375
15-Apr-25,Tuesday,April,2025,Q2,691.15,707.50,690.30,685.55,705.35,704.70,701.60,761.20,511.40,2306442,92660
11-Apr-25,Friday,April,2025,Q2,683.40,690.40,682.15,684.80,684.80,685.55,685.42,761.20,511.40,3264303,96854
9-Apr-25,Wednesday,April,2025,Q2,685.50,691.60,679.15,685.75,685.50,684.80,685.38,761.20,511.40,3054715,85553
8-Apr-25,Tuesday,April,2025,Q2,674.50,689.75,668.30,665.95,685.00,685.75,679.67,761.20,511.40,3279965,81267
7-Apr-25,Monday,April,2025,Q2,663.75,680.00,651.70,689.05,667.25,665.95,667.39,761.20,511.40,3861746,124294
4-Apr-25,Friday,April,2025,Q2,687.00,695.00,684.15,692.90,685.90,689.05,689.93,761.20,511.40,3867188,65940
3-Apr-25,Thursday,April,2025,Q2,688.50,697.80,675.00,696.15,692.45,692.90,692.36,761.20,511.40,1353987,47622
2-Apr-25,Wednesday,April,2025,Q2,693.30,701.75,690.20,692.90,694.05,696.15,696.51,761.20,511.40,3047499,105788
1-Apr-25,Tuesday,April,2025,Q2,683.00,698.05,680.00,685.70,693.00,692.90,693.01,761.20,511.40,4620146,100236
28-Mar-25,Friday,March,2025,Q1,683.90,688.25,677.95,681.90,684.00,685.70,684.18,761.20,511.40,3116601,84133
27-Mar-25,Thursday,March,2025,Q1,668.40,684.60,667.05,668.40,682.00,681.90,680.10,761.20,511.40,5951034,134010
26-Mar-25,Wednesday,March,2025,Q1,673.10,680.40,664.85,673.10,671.15,668.40,670.79,761.20,511.40,2231203,102998
25-Mar-25,Tuesday,March,2025,Q1,683.00,686.00,671.35,679.90,672.90,673.10,677.16,761.20,511.40,2019661,56290
24-Mar-25,Monday,March,2025,Q1,679.60,687.45,675.60,679.60,681.00,679.90,682.13,761.20,511.40,1401023,49932
21-Mar-25,Friday,March,2025,Q1,677.80,681.10,669.05,674.35,680.95,679.60,676.08,761.20,511.40,3725271,80959
20-Mar-25,Thursday,March,2025,Q1,665.00,678.35,659.10,664.55,672.10,674.35,671.85,761.20,511.40,4425855,96913
19-Mar-25,Wednesday,March,2025,Q1,642.00,665.90,640.65,640.55,665.10,664.55,656.96,761.20,511.40,2470532,59848
18-Mar-25,Tuesday,March,2025,Q1,631.15,641.65,629.15,629.80,640.00,640.55,636.90,761.20,511.40,2094678,52360
17-Mar-25,Monday,March,2025,Q1,622.40,631.35,622.40,622.40,629.30,629.80,628.80,761.20,511.40,1075113,37055
13-Mar-25,Thursday,March,2025,Q1,631.00,632.30,619.45,632.00,620.65,622.40,625.60,761.20,511.40,2211232,71075
12-Mar-25,Wednesday,March,2025,Q1,636.95,639.75,627.10,636.95,631.80,632.00,632.20,761.20,511.40,2704337,75264
11-Mar-25,Tuesday,March,2025,Q1,623.00,637.55,614.65,625.90,636.25,636.95,631.31,761.20,511.40,2677293,78008
10-Mar-25,Monday,March,2025,Q1,625.05,633.00,623.00,625.20,623.20,625.90,628.92,761.20,511.40,2316148,92941
7-Mar-25,Friday,March,2025,Q1,618.30,633.00,618.15,618.25,625.30,625.20,627.31,761.20,511.40,3169440,92283
6-Mar-25,Thursday,March,2025,Q1,621.20,628.00,612.60,621.20,617.10,618.25,617.83,761.20,511.40,2491123,98117
5-Mar-25,Wednesday,March,2025,Q1,613.00,625.00,612.00,616.50,618.15,621.20,621.01,761.20,511.40,2661830,48099
4-Mar-25,Tuesday,March,2025,Q1,613.10,620.80,609.30,618.00,616.00,616.50,615.52,761.20,511.40,3262295,70668
3-Mar-25,Monday,March,2025,Q1,608.50,620.15,607.00,608.50,618.80,618.00,616.20,761.20,511.40,3624490,110919
28-Feb-25,Friday,February,2025,Q1,614.00,616.95,600.35,618.40,609.50,608.50,609.07,761.20,511.40,5013148,135186
27-Feb-25,Thursday,February,2025,Q1,625.00,627.85,615.00,622.15,615.00,618.40,620.42,761.20,511.40,1831493,74038
25-Feb-25,Tuesday,February,2025,Q1,617.05,623.30,613.10,617.00,620.00,622.15,618.60,761.20,511.40,1606709,44404
24-Feb-25,Monday,February,2025,Q1,616.00,621.50,614.50,622.85,617.75,617.00,617.64,761.20,511.40,983443,42718
21-Feb-25,Friday,February,2025,Q1,617.80,623.90,613.45,620.00,622.50,622.85,620.26,761.20,511.40,1627631,59167
20-Feb-25,Thursday,February,2025,Q1,623.00,630.00,616.30,622.85,620.40,620.00,620.67,761.20,511.40,2881981,67736
19-Feb-25,Wednesday,February,2025,Q1,617.00,624.00,613.80,618.95,623.00,622.85,619.78,761.20,511.40,2007325,61497
18-Feb-25,Tuesday,February,2025,Q1,624.00,626.00,611.35,623.25,618.70,618.95,616.06,761.20,511.40,1887686,76295
17-Feb-25,Monday,February,2025,Q1,626.20,627.00,613.95,626.20,624.00,623.25,620.58,761.20,511.40,1860572,68311
14-Feb-25,Friday,February,2025,Q1,630.00,633.90,622.50,629.60,624.95,626.20,627.96,761.20,511.40,1693078,56209
13-Feb-25,Thursday,February,2025,Q1,629.15,640.00,627.65,629.15,629.30,629.60,632.36,761.20,511.40,2808139,96311
12-Feb-25,Wednesday,February,2025,Q1,618.10,636.90,608.15,618.60,628.85,629.15,627.82,761.20,511.40,3378279,87765
11-Feb-25,Tuesday,February,2025,Q1,632.25,634.85,612.95,635.70,620.20,618.60,620.50,761.20,511.40,2327875,69162
10-Feb-25,Monday,February,2025,Q1,636.00,640.80,626.75,635.70,634.00,635.70,635.21,761.20,511.40,3394573,98246
7-Feb-25,Friday,February,2025,Q1,631.95,637.50,624.55,631.95,637.10,635.70,631.35,761.20,511.40,2538330,76073
6-Feb-25,Thursday,February,2025,Q1,626.45,638.40,623.15,627.85,634.00,631.95,633.08,761.20,511.40,4837012,142226
5-Feb-25,Wednesday,February,2025,Q1,626.00,639.00,624.70,625.90,626.50,627.85,631.58,761.20,511.40,4467504,78348
4-Feb-25,Tuesday,February,2025,Q1,627.95,628.00,615.40,621.40,626.00,625.90,622.68,761.20,511.40,3244955,55542
3-Feb-25,Monday,February,2025,Q1,615.50,630.35,610.00,625.50,622.00,621.40,621.15,761.20,511.40,3293387,71843
1-Feb-25,Saturday,February,2025,Q1,639.05,667.55,595.25,638.05,625.00,625.50,626.78,761.20,511.40,10039413,193732
31-Jan-25,Friday,January,2025,Q1,638.00,641.00,630.15,634.15,638.85,638.05,637.46,761.20,511.40,1012392,42673
30-Jan-25,Thursday,January,2025,Q1,624.70,636.10,624.00,628.35,635.00,634.15,631.63,761.20,511.40,2899445,64602
29-Jan-25,Wednesday,January,2025,Q1,612.00,629.70,605.15,611.55,628.15,628.35,618.53,761.20,511.40,2005819,59971
28-Jan-25,Tuesday,January,2025,Q1,610.95,614.00,600.10,610.20,612.00,611.55,608.55,761.20,511.40,2662789,90523
27-Jan-25,Monday,January,2025,Q1,618.00,619.75,606.40,621.10,609.00,610.20,612.45,761.20,511.40,1730503,66244
24-Jan-25,Friday,January,2025,Q1,620.55,625.00,613.30,621.00,621.30,621.10,620.77,761.20,511.40,1793560,57558
23-Jan-25,Thursday,January,2025,Q1,618.00,625.20,612.60,618.20,620.55,621.00,621.26,761.20,511.40,1673008,72270
22-Jan-25,Wednesday,January,2025,Q1,629.00,629.00,612.90,624.00,617.50,618.20,618.25,761.20,511.40,2296057,67717
21-Jan-25,Tuesday,January,2025,Q1,636.00,637.05,622.90,634.05,624.40,624.00,628.25,761.20,511.40,1820019,53469
20-Jan-25,Monday,January,2025,Q1,642.00,644.05,630.55,642.20,633.60,634.05,634.20,761.20,511.40,1956252,55204
17-Jan-25,Friday,January,2025,Q1,640.00,649.95,633.40,641.40,642.95,642.20,643.15,761.20,511.40,3671715,90587
16-Jan-25,Thursday,January,2025,Q1,630.10,663.60,628.95,594.20,641.70,641.40,649.37,761.20,511.40,24198675,328778
15-Jan-25,Wednesday,January,2025,Q1,604.50,604.50,584.30,600.45,593.70,594.20,591.63,761.20,511.40,5633587,178620
14-Jan-25,Tuesday,January,2025,Q1,605.00,608.05,594.85,599.75,600.95,600.45,599.02,761.20,511.40,3122102,107826
13-Jan-25,Monday,January,2025,Q1,607.00,608.45,597.30,608.65,600.50,599.75,601.82,761.20,511.40,2105862,121083
10-Jan-25,Friday,January,2025,Q1,610.05,614.90,603.00,612.20,610.30,608.65,610.13,761.20,511.40,1966939,101909
9-Jan-25,Thursday,January,2025,Q1,616.10,621.10,609.90,618.00,614.00,612.20,614.21,761.20,511.40,2141675,83553
8-Jan-25,Wednesday,January,2025,Q1,620.05,623.25,615.10,619.85,617.75,618.00,618.86,761.20,511.40,1861556,110718
7-Jan-25,Tuesday,January,2025,Q1,606.00,620.70,605.50,605.95,619.95,619.85,614.08,761.20,511.40,2813892,69652
6-Jan-25,Monday,January,2025,Q1,627.00,627.00,603.35,623.00,607.65,605.95,609.29,761.20,511.40,5743310,89422
3-Jan-25,Friday,January,2025,Q1,619.00,624.05,615.65,620.15,624.00,623.00,620.82,761.20,511.40,2956679,58496
